<?xml version='1.0' ?>

<launch>

  <arg name="use_sim_time" default="false" description="Use the /clock topic for time to sync with simulation"/>

  <group>
    <include file="$(find-pkg-share rmf_fleet_adapter)/fleet_adapter.launch.xml">

      <!-- The name and control type of the fleet -->
      <arg name="fleet_name" value="magni"/>
      <arg name="control_type" value="full_control"/>

      <!-- The graph that this fleet should use for navigation -->
      <arg name="nav_graph_file" value="$(find-pkg-share rmf_dp2_maps)/maps/dp2/nav_graphs/2.yaml" />

      <!-- The nominal linear and angular velocity of this fleet's vehicles -->
      <arg name="linear_velocity" value="0.7"/>
      <arg name="angular_velocity" value="2.2"/>

      <!-- The nominal linear and angular acceleration of this fleet's vehicles -->
      <arg name="linear_acceleration" value="3.0"/>
      <arg name="angular_acceleration" value="5.0"/>

      <!-- The radius of the circular footprint of this fleet's vehicles -->
      <arg name="profile_radius" value="1.0"/>

      <!-- Whether to use sim time -->
      <arg name="use_sim_time" value="$(var use_sim_time)"/>

    </include>
  </group>
</launch>
